City_ID,City,Country,Date,Lat,Lng,Max Temp,Humidity,Cloudiness,Wind Speed
0,Ushuaia,AR,2022-05-15 04:31:30,-54.8,-68.3,42.46,75,40,13.8
1,Aldan,RU,2022-05-15 04:31:31,58.6031,125.3894,34.3,75,100,7.14
2,Port Elizabeth,ZA,2022-05-15 04:31:31,-33.918,25.5701,46.69,93,0,4.61
3,Aklavik,CA,2022-05-15 04:31:32,68.2191,-135.0107,29.07,79,96,2.06
4,Nesna,NO,2022-05-15 04:31:32,66.1967,13.0213,40.66,87,100,24.0
5,Nome,US,2022-05-15 04:31:32,64.5011,-165.4064,33.87,93,100,10.36
6,Lukulu,ZM,2022-05-15 04:31:33,-14.3707,23.242,57.0,66,1,6.24
7,Ishigaki,JP,2022-05-15 04:31:33,24.3448,124.1572,73.53,94,75,21.85
8,Hobart,AU,2022-05-15 04:31:33,-42.8794,147.3294,67.86,53,40,8.05
9,Mozarlandia,BR,2022-05-15 04:31:34,-14.7447,-50.5706,71.71,55,63,2.62
10,Okhotsk,RU,2022-05-15 04:31:34,59.3833,143.3,35.71,97,100,33.69
11,Pisco,PE,2022-05-15 04:31:34,-13.7,-76.2167,64.45,82,100,4.61
12,Inongo,CD,2022-05-15 04:31:35,-1.95,18.2667,70.92,97,100,3.69
13,Galbshtadt,RU,2022-05-15 04:31:35,53.2264,78.9845,65.44,51,100,7.63
14,Labuhan,ID,2022-05-15 04:31:35,-6.8844,112.2051,87.57,68,93,2.51
15,Ambovombe,MG,2022-05-15 04:31:36,-25.1667,46.0833,69.3,79,0,5.06
16,Edd,ER,2022-05-15 04:27:42,13.9297,41.6925,87.39,55,0,0.16
17,Santa Cruz,BO,2022-05-15 04:31:36,-17.8,-63.1667,69.26,83,75,12.66
18,Port Blair,IN,2022-05-15 04:31:37,11.6667,92.75,84.24,79,40,10.36
19,Henderson,US,2022-05-15 04:30:11,36.0397,-114.9819,88.72,9,0,5.75
20,Katsuura,JP,2022-05-15 04:31:37,35.1333,140.3,63.55,73,100,18.03
21,San Jose,US,2022-05-15 04:27:10,37.3394,-121.895,70.88,63,20,9.22
22,Albany,US,2022-05-15 04:31:36,42.6001,-73.9662,68.18,85,100,3.11
23,San Patricio,US,2022-05-15 04:31:37,28.017,-97.5169,80.49,90,0,10.51
24,Bethel,US,2022-05-15 04:31:38,41.3712,-73.414,65.35,92,100,4.61
25,Catamarca,AR,2022-05-15 04:31:38,-28.4696,-65.7852,64.78,70,87,1.99
26,Port Alfred,ZA,2022-05-15 04:31:38,-33.5906,26.891,58.32,79,0,2.57
27,Charters Towers,AU,2022-05-15 04:31:39,-20.1,146.2667,79.99,39,1,4.09
28,Fort Nelson,CA,2022-05-15 04:31:39,58.8053,-122.7002,44.19,87,75,2.3
29,Baoying,CN,2022-05-15 04:31:39,33.2292,119.3092,76.89,22,100,7.54
30,Rudbar,AF,2022-05-15 04:31:40,30.15,62.6,75.09,25,0,16.33
31,Busselton,AU,2022-05-15 04:31:40,-33.65,115.3333,62.76,55,100,7.47
32,Omsukchan,RU,2022-05-15 04:31:40,62.5333,155.8,36.68,93,100,4.09
33,Rundu,NA,2022-05-15 04:31:41,-17.9333,19.7667,57.56,41,12,4.61
34,Bluff,NZ,2022-05-15 04:31:41,-46.6,168.3333,51.8,73,56,5.91
35,Uray,RU,2022-05-15 04:31:41,60.1247,64.7758,58.1,55,88,13.76
36,Puerto Del Rosario,ES,2022-05-15 04:31:42,28.5004,-13.8627,65.95,77,0,1.14
37,Barrow,US,2022-05-15 04:31:42,71.2906,-156.7887,28.42,93,0,16.11
38,Thompson,CA,2022-05-15 04:31:43,55.7435,-97.8558,41.16,93,100,2.3
39,Puerto Ayora,EC,2022-05-15 04:31:43,-0.7393,-90.3518,72.55,96,98,1.01
40,Cap Malheureux,MU,2022-05-15 04:31:43,-19.9842,57.6142,78.48,71,2,5.99
41,Bredasdorp,ZA,2022-05-15 04:31:10,-34.5322,20.0403,50.65,87,0,3.13
42,Jamestown,US,2022-05-15 04:28:08,42.097,-79.2353,65.84,89,100,0.0
43,Lichuan,CN,2022-05-15 04:31:44,30.3,108.85,52.63,87,100,0.98
44,Kahta,TR,2022-05-15 04:31:44,37.7855,38.6237,61.97,63,75,8.05
45,Ngama,TD,2022-05-15 04:31:44,11.7833,17.1667,86.92,47,96,11.79
46,Itagiba,BR,2022-05-15 04:32:45,-14.2836,-39.8428,66.97,99,100,2.73
47,Saint-Pierre,RE,2022-05-15 04:32:45,-21.3393,55.4781,75.9,60,20,6.91
48,Rikitea,PF,2022-05-15 04:32:45,-23.1203,-134.9692,76.48,74,100,21.07
49,Vaini,TO,2022-05-15 04:32:46,-21.2,-175.2,73.56,68,75,8.05
50,Sumbe,AO,2022-05-15 04:32:46,-11.2061,13.8437,74.46,88,59,1.12
51,Castro,BR,2022-05-15 04:32:46,-24.7911,-50.0119,55.67,98,100,3.18
52,Umm Kaddadah,SD,2022-05-15 04:32:47,13.6017,26.6876,82.67,45,28,2.77
53,Vila Velha,BR,2022-05-15 04:30:39,-20.3297,-40.2925,71.55,94,100,4.61
54,Vredendal,ZA,2022-05-15 04:32:47,-31.6683,18.5012,53.58,53,0,6.8
55,Shanhetun,CN,2022-05-15 04:32:48,44.7,127.2,63.73,34,92,16.91
56,Hermanus,ZA,2022-05-15 04:32:48,-34.4187,19.2345,50.81,80,1,8.84
57,Pacific Grove,US,2022-05-15 04:32:48,36.6177,-121.9166,62.24,85,0,11.99
58,Punta Arenas,CL,2022-05-15 04:32:40,-53.15,-70.9167,37.51,93,20,6.91
59,Texistepec,MX,2022-05-15 04:32:49,17.8833,-94.7833,77.38,78,79,6.4
60,Arraial Do Cabo,BR,2022-05-15 04:32:49,-22.9661,-42.0278,72.77,73,98,15.68
61,Jumla,NP,2022-05-15 04:29:30,29.2747,82.1838,70.32,45,8,6.42
62,Dukuhturi,ID,2022-05-15 04:32:49,-6.9,109.0833,88.61,64,56,4.65
63,Tigil,RU,2022-05-15 04:32:50,57.8,158.6667,56.7,51,48,21.9
64,Malayal,PH,2022-05-15 04:32:50,7.208,121.942,84.0,76,99,3.15
65,Hailey,US,2022-05-15 04:32:51,43.5196,-114.3153,51.66,61,0,7.0
66,Chuy,UY,2022-05-15 04:30:51,-33.6971,-53.4616,55.63,91,91,7.25
67,Nikolskoye,RU,2022-05-15 04:32:51,59.7035,30.7861,47.88,79,81,7.63
68,Dikson,RU,2022-05-15 04:32:51,73.5069,80.5464,31.98,88,100,3.06
69,Alcanena,PT,2022-05-15 04:32:52,39.459,-8.6689,63.32,99,100,4.97
70,Bati,ET,2022-05-15 04:32:52,11.1833,40.0167,78.73,16,1,1.39
71,Kapaa,US,2022-05-15 04:32:52,22.0752,-159.319,80.58,72,0,12.66
72,Lauf,DE,2022-05-15 04:32:53,48.65,8.1333,55.72,81,0,8.05
73,Hambantota,LK,2022-05-15 04:32:53,6.1241,81.1185,88.14,74,40,13.8
74,Kodiak,US,2022-05-15 04:32:53,57.79,-152.4072,49.51,40,0,13.8
75,Ano Mera,GR,2022-05-15 04:32:54,37.45,25.4,68.07,72,0,4.61
76,Peniche,PT,2022-05-15 04:32:54,39.3558,-9.3811,63.28,90,100,11.32
77,Codrington,AU,2022-05-15 04:32:54,-38.2667,141.9667,65.43,61,19,22.59
78,Enid,US,2022-05-15 04:28:04,36.3956,-97.8784,77.16,65,20,11.5
79,Seydi,TM,2022-05-15 04:32:55,39.4816,62.9137,78.06,24,0,10.0
80,Roald,NO,2022-05-15 04:32:55,62.5833,6.1333,48.76,87,75,3.44
81,Lebu,CL,2022-05-15 04:32:56,-37.6167,-73.65,47.68,66,0,6.4
82,Margate,GB,2022-05-15 04:30:41,51.3813,1.3862,58.3,84,87,1.99
83,Colombo,LK,2022-05-15 04:31:50,6.9319,79.8478,85.95,80,100,16.22
84,Asyut,EG,2022-05-15 04:32:56,27.181,31.1837,66.38,32,100,18.59
85,Kaitangata,NZ,2022-05-15 04:32:56,-46.2817,169.8464,48.9,88,55,4.56
86,Ancud,CL,2022-05-15 04:32:57,-41.8697,-73.8203,44.04,84,0,5.99
87,Qaanaaq,GL,2022-05-15 04:32:57,77.484,-69.3632,15.8,66,68,6.38
88,Tiksi,RU,2022-05-15 04:32:57,71.6872,128.8694,20.89,86,35,8.01
89,Aswan,EG,2022-05-15 04:29:10,24.0934,32.907,84.06,27,0,13.04
90,Cape Girardeau,US,2022-05-15 04:28:52,37.3834,-89.7168,72.99,81,100,5.57
91,Hofn,IS,2022-05-15 04:33:58,64.2539,-15.2082,43.63,87,100,9.91
92,Carnarvon,AU,2022-05-15 04:33:58,-24.8667,113.6333,73.08,31,0,14.81
93,Viedma,AR,2022-05-15 04:33:59,-40.8135,-62.9967,48.99,64,5,17.27
94,Liyang,CN,2022-05-15 04:33:59,29.7057,118.2862,65.53,53,100,4.5
95,Mataura,NZ,2022-05-15 04:33:59,-46.1927,168.8643,51.48,87,22,1.19
96,Grand-Santi,GF,2022-05-15 04:34:00,4.25,-54.3833,73.08,100,100,2.06
97,Saint-Philippe,RE,2022-05-15 04:34:00,-21.3585,55.7679,72.99,84,69,9.35
98,Lar,IN,2022-05-15 04:34:00,26.2039,83.9717,103.48,28,4,9.71
99,Mackenzie,CA,2022-05-15 04:29:08,55.2999,-123.1698,48.42,49,100,4.61
100,Arlit,NE,2022-05-15 04:34:01,18.7369,7.3853,80.44,17,1,10.04
101,Ode,NG,2022-05-15 04:34:01,7.7899,5.7117,69.22,99,100,3.78
102,Griffith,US,2022-05-15 04:34:01,41.5284,-87.4237,71.06,78,0,4.61
103,Diego De Almagro,CL,2022-05-15 04:34:02,-26.3667,-70.05,56.39,36,0,2.3
104,Leningradskiy,RU,2022-05-15 04:34:02,69.3833,178.4167,33.01,92,100,22.75
105,Sitka,US,2022-05-15 04:34:03,57.0531,-135.33,48.09,71,100,6.91
106,Durazno,UY,2022-05-15 04:34:03,-33.4131,-56.5006,48.31,88,96,7.56
107,Arawa,PG,2022-05-15 04:34:03,-6.2132,155.5367,83.93,74,76,1.9
108,Butaritari,KI,2022-05-15 04:34:04,3.0707,172.7902,81.37,71,4,6.46
109,Ostrovnoy,RU,2022-05-15 04:34:04,68.0531,39.5131,40.06,71,76,7.2
110,Mar Del Plata,AR,2022-05-15 04:34:04,-38.0023,-57.5575,45.95,81,0,6.91
111,Hilo,US,2022-05-15 04:33:17,19.7297,-155.09,75.27,84,75,10.36
112,Paraiso,CR,2022-05-15 04:32:40,9.8383,-83.8656,65.41,96,100,1.14
113,Severo-Kurilsk,RU,2022-05-15 04:34:05,50.6789,156.125,37.11,96,100,26.49
114,Lander,US,2022-05-15 04:31:13,42.833,-108.7307,61.61,29,0,0.0
115,Ust-Kuyga,RU,2022-05-15 04:34:05,70.0167,135.6,26.67,74,88,4.5
116,Yulara,AU,2022-05-15 04:34:05,-25.2406,130.9889,76.71,39,33,9.31
117,Kavieng,PG,2022-05-15 04:34:06,-2.5744,150.7967,84.58,63,57,3.15
118,Lincoln,US,2022-05-15 04:33:37,40.8,-96.667,65.17,68,20,8.05
119,Tasiilaq,GL,2022-05-15 04:33:08,65.6145,-37.6368,26.76,70,100,4.97
120,Hualmay,PE,2022-05-15 04:34:06,-11.0964,-77.6139,62.19,89,25,7.31
121,Mukhen,RU,2022-05-15 04:34:07,48.1,136.1,51.8,74,100,13.89
122,Victoria,HK,2022-05-15 04:30:14,22.2855,114.1577,76.32,89,100,8.99
123,Atuona,PF,2022-05-15 04:34:07,-9.8,-139.0333,78.21,78,16,17.56
124,Francistown,BW,2022-05-15 04:34:07,-21.17,27.5079,60.13,41,0,7.11
125,Vao,NC,2022-05-15 04:34:08,-22.6667,167.4833,73.89,71,23,13.0
126,Ilulissat,GL,2022-05-15 04:34:08,69.2167,-51.1,2.98,86,18,8.37
127,Jilib,SO,2022-05-15 04:34:08,0.4883,42.7854,82.15,73,78,10.67
128,Padang,ID,2022-05-15 04:34:09,-0.9492,100.3543,87.85,72,17,5.79
129,Port Lincoln,AU,2022-05-15 04:34:09,-34.7333,135.8667,64.18,67,25,23.42
130,Bonavista,CA,2022-05-15 04:32:07,48.6499,-53.1147,33.73,74,19,2.37
131,Chokurdakh,RU,2022-05-15 04:34:10,70.6333,147.9167,22.82,83,100,3.69
132,Urcos,PE,2022-05-15 04:34:10,-13.6861,-71.6228,46.29,92,4,3.18
133,Sao Filipe,CV,2022-05-15 04:34:10,14.8961,-24.4956,74.98,74,82,9.66
134,Paamiut,GL,2022-05-15 04:34:11,61.994,-49.6678,27.01,71,80,11.9
135,Provideniya,RU,2022-05-15 04:34:11,64.3833,-173.3,37.22,89,99,10.87
136,Yushan,CN,2022-05-15 04:34:11,31.3776,120.9543,72.99,36,100,3.42
137,San Quintin,MX,2022-05-15 04:34:12,30.4833,-115.95,63.25,73,0,6.31
138,Alma,CA,2022-05-15 04:35:12,48.5501,-71.6491,61.41,67,96,12.19
139,Korla,CN,2022-05-15 04:35:13,41.7597,86.1469,77.09,22,24,2.24
140,Berlevag,NO,2022-05-15 04:35:13,70.8578,29.0864,40.8,93,100,10.36
141,Prince Rupert,CA,2022-05-15 04:35:13,54.3161,-130.3201,48.29,79,20,4.61
142,Fortuna,US,2022-05-15 04:33:20,40.5982,-124.1573,57.65,94,100,0.0
143,Pevek,RU,2022-05-15 04:35:14,69.7008,170.3133,28.2,77,98,15.57
144,Mocuba,MZ,2022-05-15 04:35:14,-16.8392,36.9856,65.44,94,14,2.98
145,Geraldton,AU,2022-05-15 04:33:23,-28.7667,114.6,70.21,56,100,8.05
146,Pilar,BR,2022-05-15 04:32:33,-9.5972,-35.9567,73.33,94,39,1.63
147,Saint-Joseph,RE,2022-05-15 04:35:14,-21.3667,55.6167,71.98,81,45,10.18
148,Gagino,RU,2022-05-15 04:35:15,55.2314,45.0339,51.55,73,86,7.61
149,Grindavik,IS,2022-05-15 04:35:15,63.8424,-22.4338,46.87,100,100,16.11
150,Ribeira Grande,PT,2022-05-15 04:35:16,38.5167,-28.7,60.24,62,84,26.24
151,Santa Maria,BR,2022-05-15 04:30:30,-29.6842,-53.8069,58.66,98,100,2.39
152,Talnakh,RU,2022-05-15 04:30:48,69.4865,88.3972,37.45,100,100,7.07
153,Ngunguru,NZ,2022-05-15 04:35:16,-35.6167,174.5,65.66,75,67,9.44
154,Remedios,CU,2022-05-15 04:35:16,22.4947,-79.5458,74.32,83,21,5.99
155,Khatanga,RU,2022-05-15 04:35:17,71.9667,102.5,33.71,100,100,11.39
156,Westport,US,2022-05-15 04:35:17,41.1415,-73.3579,65.3,96,100,3.44
157,Ambilobe,MG,2022-05-15 04:35:18,-13.2,49.05,74.57,70,0,3.42
158,Kango,GA,2022-05-15 04:35:18,0.1943,10.0951,74.52,99,100,1.97
159,Airai,TL,2022-05-15 04:34:23,-8.9266,125.4092,68.13,82,91,1.54
160,Isangel,VU,2022-05-15 04:35:21,-19.55,169.2667,77.18,62,55,11.1
161,Egvekinot,RU,2022-05-15 04:35:21,66.3167,-179.1667,32.79,100,98,5.86
162,New Norfolk,AU,2022-05-15 04:35:22,-42.7826,147.0587,67.5,56,66,1.99
163,Sao Jose Da Coroa Grande,BR,2022-05-15 04:31:37,-8.8978,-35.1478,77.04,86,82,5.57
164,Georgetown,MY,2022-05-15 04:34:56,5.4112,100.3354,89.53,78,20,5.75
165,Bud,US,2022-05-15 04:35:22,39.447,-86.1758,64.4,95,99,4.34
166,Luwuk,ID,2022-05-15 04:35:22,-0.9516,122.7875,83.89,81,99,3.38
167,Vianopolis,BR,2022-05-15 04:35:23,-16.7419,-48.5164,66.47,61,82,5.61
168,Lompoc,US,2022-05-15 04:35:23,34.6391,-120.4579,64.54,84,0,6.91
169,Constitucion,CL,2022-05-15 04:34:17,-35.3333,-72.4167,50.94,57,0,4.97
170,Eydhafushi,MV,2022-05-15 04:35:24,5.1033,73.0708,83.61,76,100,18.68
171,Ziro,IN,2022-05-15 04:35:24,27.6333,93.8333,54.34,91,100,0.76
172,Huron,US,2022-05-15 04:35:24,41.1501,-82.5499,65.97,85,99,6.78
173,Yagodnoye,RU,2022-05-15 04:35:25,62.55,149.6667,33.67,99,100,3.98
174,Filadelfia,US,2022-05-15 04:35:08,39.9523,-75.1638,67.15,97,100,5.75
175,Kudat,MY,2022-05-15 04:35:25,6.8837,116.8477,87.73,74,20,3.44
176,Saint-Lo,FR,2022-05-15 04:35:25,49.1162,-1.0903,57.63,97,100,9.08
177,Cabo San Lucas,MX,2022-05-15 04:35:26,22.8909,-109.9124,81.7,55,100,9.17
178,Tateyama,JP,2022-05-15 04:35:26,34.9833,139.8667,63.43,75,100,15.57
179,Trinidad,BO,2022-05-15 04:35:26,-14.8333,-64.9,73.24,89,14,2.93
180,Avera,US,2022-05-15 04:35:27,33.194,-82.5271,65.71,69,100,3.36
181,Tuatapere,NZ,2022-05-15 04:33:01,-46.1333,167.6833,50.92,82,11,2.46
182,Rosia,RO,2022-05-15 04:35:27,45.8167,24.3167,52.09,82,0,2.3
183,Vanimo,PG,2022-05-15 04:36:27,-2.6741,141.3028,84.24,73,87,5.66
184,Yumen,CN,2022-05-15 04:36:28,40.2833,97.2,67.33,8,0,14.67
185,Havre-Saint-Pierre,CA,2022-05-15 04:36:28,50.2334,-63.5986,41.36,60,0,9.22
186,Port-Cartier,CA,2022-05-15 04:36:28,50.0334,-66.8654,45.75,78,38,7.76
187,Avarua,CK,2022-05-15 04:35:48,-21.2078,-159.775,78.85,69,75,6.91
188,Novaya Ladoga,RU,2022-05-15 04:36:29,60.1025,32.3019,46.8,79,42,7.56
189,Lodja,CD,2022-05-15 04:36:29,-3.4833,23.4333,70.41,80,45,0.67
190,Ponta Do Sol,PT,2022-05-15 04:33:09,32.6667,-17.1,66.7,75,23,7.9
191,Hithadhoo,MV,2022-05-15 04:36:30,-0.6,73.0833,82.63,69,72,6.13
192,Saint Andrews,US,2022-05-15 04:36:30,34.0454,-81.1293,67.98,78,20,1.01
193,Russell,US,2022-05-15 04:36:30,32.3502,-85.1999,71.2,88,0,0.0
194,Maldonado,UY,2022-05-15 04:36:27,-34.6667,-54.9167,56.23,72,100,5.55
195,Wajir,KE,2022-05-15 04:36:31,1.7471,40.0573,76.96,83,75,0.0
196,Coquimbo,CL,2022-05-15 04:34:31,-29.9533,-71.3436,55.13,94,100,8.05
197,Jalu,LY,2022-05-15 04:36:31,29.0331,21.5482,67.14,48,0,7.99
198,Mitsamiouli,KM,2022-05-15 04:36:31,-11.3847,43.2844,80.76,69,0,6.91
199,Cayenne,GF,2022-05-15 04:36:32,4.9333,-52.3333,82.09,1,75,4.0
200,Amga,RU,2022-05-15 04:36:32,60.8953,131.9608,44.87,41,88,8.97
201,Guerrero Negro,MX,2022-05-15 04:33:34,27.9769,-114.0611,61.83,81,8,10.69
202,Esperance,AU,2022-05-15 04:36:32,-33.8667,121.9,57.04,69,100,13.65
203,Mahebourg,MU,2022-05-15 04:36:33,-20.4081,57.7,78.26,83,40,8.05
204,Acapulco,MX,2022-05-15 04:36:33,16.8634,-99.8901,84.02,74,100,8.05
205,Cravo Norte,CO,2022-05-15 04:36:33,6.3017,-70.2041,80.37,74,100,3.96
206,Changji,CN,2022-05-15 04:34:19,44.0167,87.3167,83.19,8,0,15.66
207,Sola,VU,2022-05-15 04:36:34,-13.8833,167.55,79.83,73,83,15.23
208,Chifeng,CN,2022-05-15 04:36:34,42.2683,118.9636,68.52,15,75,13.24
209,Jennings,US,2022-05-15 04:36:35,38.7192,-90.2604,76.66,66,75,5.75
210,Nouadhibou,MR,2022-05-15 04:36:35,20.931,-17.0347,71.58,68,100,17.27
211,Samarai,PG,2022-05-15 04:36:35,-10.6167,150.6667,83.16,73,8,8.39
212,Marienburg,PL,2022-05-15 04:36:36,54.0359,19.0266,47.88,80,44,10.0
213,Kimbe,PG,2022-05-15 04:36:36,-5.5502,150.1429,86.5,67,82,5.99
214,Sioux Lookout,CA,2022-05-15 04:35:17,50.1001,-91.917,46.47,76,100,5.75
215,Okha,RU,2022-05-15 04:36:36,53.5739,142.9478,33.22,100,100,4.32
216,Brokopondo,SR,2022-05-15 04:36:37,4.75,-55.1667,76.46,92,100,5.28
217,Yellowknife,CA,2022-05-15 04:34:02,62.456,-114.3525,48.72,53,75,11.5
218,Dunedin,NZ,2022-05-15 04:36:19,-45.8742,170.5036,48.79,90,71,4.0
219,Nishihara,JP,2022-05-15 04:36:37,26.1842,127.7558,71.26,92,75,26.46
220,Sri Aman,MY,2022-05-15 04:36:37,1.2376,111.4621,91.45,70,40,2.3
221,Gamba,GA,2022-05-15 04:36:13,-2.65,10.0,76.42,94,94,5.37
222,Usinsk,RU,2022-05-15 04:36:38,65.9939,57.5281,53.78,59,2,11.14
223,Mbandaka,CD,2022-05-15 04:36:38,0.0487,18.2603,70.23,97,88,0.85
224,Sarkand,KZ,2022-05-15 04:36:39,45.41,79.9186,57.83,84,100,6.73
225,Altay,CN,2022-05-15 04:36:39,47.8667,88.1167,72.34,21,78,4.36
226,Nikolayevsk-Na-Amure,RU,2022-05-15 04:36:39,53.1406,140.73,35.51,100,100,11.41
227,Deputatskiy,RU,2022-05-15 04:36:40,69.3,139.9,21.36,84,100,11.18
228,Beringovskiy,RU,2022-05-15 04:36:40,63.05,179.3167,43.99,73,100,14.47
229,Tocopilla,CL,2022-05-15 04:37:18,-22.092,-70.1979,62.4,69,4,3.13
230,Kabanjahe,ID,2022-05-15 04:37:40,3.1001,98.4908,74.7,82,100,2.13
231,Baykit,RU,2022-05-15 04:37:41,61.67,96.37,69.53,40,99,1.7
232,Mehamn,NO,2022-05-15 04:37:41,71.0357,27.8492,37.31,86,100,6.38
233,Gazojak,TM,2022-05-15 04:37:41,41.1875,61.4036,77.41,20,2,11.7
234,Bamiantong,CN,2022-05-15 04:37:42,44.9333,130.5333,62.29,38,62,23.04
235,Nuuk,GL,2022-05-15 04:36:37,64.1835,-51.7216,23.61,86,75,4.61
236,Shimoda,JP,2022-05-15 04:37:06,34.6667,138.95,70.16,76,89,12.64
237,Stepnogorsk,KZ,2022-05-15 04:37:42,52.3544,71.8869,66.92,41,39,15.93
238,Pochutla,MX,2022-05-15 04:37:43,15.7432,-96.4661,81.82,71,79,4.85
239,Alta Floresta,BR,2022-05-15 04:37:43,-9.8756,-56.0861,74.61,77,98,2.82
240,Cape Town,ZA,2022-05-15 04:33:31,-33.9258,18.4232,54.12,86,0,2.3
241,Gurh,IN,2022-05-15 04:37:43,24.5167,81.5167,109.74,9,12,13.58
242,Uyemskiy,RU,2022-05-15 04:37:44,64.4743,40.8524,46.45,87,40,4.47
243,Luohe,CN,2022-05-15 04:37:44,33.5717,114.0353,79.0,20,99,6.17
244,Turkmenabat,TM,2022-05-15 04:37:44,39.0733,63.5786,73.38,43,0,9.22
245,Aasiaat,GL,2022-05-15 04:37:45,68.7098,-52.8699,11.55,96,28,3.76
246,Puerto Suarez,BO,2022-05-15 04:37:45,-18.95,-57.8,70.32,93,55,4.43
247,Waiuku,NZ,2022-05-15 04:37:45,-37.25,174.75,68.25,84,100,10.85
248,Goderich,CA,2022-05-15 04:37:46,43.7501,-81.7165,55.72,88,90,6.91
249,Half Moon Bay,US,2022-05-15 04:37:46,37.4636,-122.4286,65.28,78,100,19.57
250,Burnie,AU,2022-05-15 04:37:46,-41.0667,145.9167,58.95,82,71,20.22
251,Lata,PT,2022-05-15 04:36:53,40.1629,-8.3327,59.56,90,92,5.08
252,Cherskiy,RU,2022-05-15 04:37:47,68.75,161.3,28.36,74,96,15.46
253,Denpasar,ID,2022-05-15 04:36:48,-8.65,115.2167,87.46,74,20,10.36
254,Saskylakh,RU,2022-05-15 04:35:40,71.9167,114.0833,32.9,99,100,10.07
255,Bambous Virieux,MU,2022-05-15 04:34:26,-20.3428,57.7575,78.22,83,40,8.05
256,Saint George,US,2022-05-15 04:37:47,37.1041,-113.5841,82.99,13,0,1.01
257,Ikongo,MG,2022-05-15 04:37:48,-21.8833,47.4333,68.04,82,88,1.07
258,Inhambane,MZ,2022-05-15 04:37:48,-23.865,35.3833,64.38,94,40,4.61
259,Yaroslavskaya,RU,2022-05-15 04:37:48,44.6106,40.4642,60.03,59,0,5.1
260,Soe,ID,2022-05-15 04:37:49,-9.8607,124.284,77.36,70,78,4.9
261,Athabasca,CA,2022-05-15 04:37:49,54.7169,-113.2854,46.81,57,2,6.31
262,Alofi,NU,2022-05-15 04:37:49,-19.0595,-169.9187,76.89,61,83,6.91
263,Podyuga,RU,2022-05-15 04:37:50,61.095,40.8647,46.9,97,100,4.56
264,Yarmouth,US,2022-05-15 04:35:19,41.7057,-70.2286,63.07,98,100,4.61
265,Cabo Rojo,PR,2022-05-15 04:37:50,18.0866,-67.1457,77.68,84,99,9.53
266,Canico,PT,2022-05-15 04:37:51,32.6333,-16.85,66.7,74,40,10.36
267,Bukama,CD,2022-05-15 04:37:51,-9.2,25.85,64.62,71,4,3.4
268,Kande,TG,2022-05-15 04:37:51,9.9578,1.0447,77.09,78,56,3.69
269,Sinnamary,GF,2022-05-15 04:37:52,5.3833,-52.95,77.56,92,100,7.83
270,Nanakuli,US,2022-05-15 04:37:52,21.3906,-158.1547,82.35,53,0,9.22
271,Kirovsk,UA,2022-05-15 04:34:05,48.6375,38.6428,55.24,67,36,12.48
272,Te Anau,NZ,2022-05-15 04:37:53,-45.4167,167.7167,52.68,82,10,1.88
273,Marsa Matruh,EG,2022-05-15 04:37:53,31.3525,27.2453,59.2,88,0,9.22
274,Killybegs,IE,2022-05-15 04:38:53,54.6333,-8.45,50.02,87,86,6.4
275,San Angelo,US,2022-05-15 04:38:54,31.4638,-100.437,82.89,39,0,5.75
276,Baie-Comeau,CA,2022-05-15 04:38:54,49.2168,-68.1489,53.28,47,0,8.05
277,Sovetskaya Gavan,RU,2022-05-15 04:38:54,48.9723,140.2878,55.15,43,100,10.36
278,Bereda,ES,2022-05-15 04:35:46,43.2686,-7.5406,52.02,99,100,2.8
279,Ahipara,NZ,2022-05-15 04:38:55,-35.1667,173.1667,64.69,81,59,9.71
280,Kahna Nau,PK,2022-05-15 04:38:55,31.3692,74.3653,98.64,22,0,16.11
281,Bushehr,IR,2022-05-15 04:38:55,28.9684,50.8385,82.49,34,0,9.22
282,Saint-Francois,FR,2022-05-15 04:38:56,46.4154,3.9054,50.68,93,0,2.3
283,Banjar,ID,2022-05-15 04:38:56,-8.19,114.9675,88.92,62,21,4.0
284,Sunrise Manor,US,2022-05-15 04:36:30,36.2111,-115.0731,89.11,9,0,6.91
285,Meiganga,CM,2022-05-15 04:38:56,6.5167,14.3,65.59,80,71,1.57
286,Whitehorse,CA,2022-05-15 04:34:30,60.7161,-135.0538,38.17,93,75,6.91
287,Shizunai,JP,2022-05-15 04:38:57,42.3339,142.3669,51.01,79,93,14.72
288,Le Pradet,FR,2022-05-15 04:38:57,43.1066,6.0172,62.38,88,76,8.1
289,Taoudenni,ML,2022-05-15 04:38:58,22.6783,-3.9836,79.0,9,13,11.79
290,Yabelo,ET,2022-05-15 04:37:44,4.8833,38.0833,61.23,76,71,11.03
291,Staszow,PL,2022-05-15 04:38:58,50.5631,21.1659,52.5,80,32,8.99
292,Mayo,US,2022-05-15 04:38:58,38.8876,-76.5119,66.72,97,100,0.0
293,Kaina,NG,2022-05-15 04:38:59,12.6374,8.5873,78.19,18,84,2.91
294,Mutata,CO,2022-05-15 04:38:59,7.2441,-76.4356,75.02,98,100,1.88
295,Palmer,US,2022-05-15 04:37:21,42.1584,-72.3287,67.5,87,100,3.44
296,Sal Rei,CV,2022-05-15 04:38:59,16.1833,-22.9167,71.78,87,100,17.83
297,Bodden Town,KY,2022-05-15 04:39:00,19.2833,-81.25,79.0,85,75,3.44
298,Kamthi,IN,2022-05-15 04:39:00,21.2333,79.2,102.54,15,21,8.55
299,Norman Wells,CA,2022-05-15 04:39:00,65.282,-126.8329,35.64,75,75,18.41
300,Luena,AO,2022-05-15 04:39:01,-11.7833,19.9167,53.8,71,0,3.69
301,Flinders,AU,2022-05-15 04:36:49,-34.5833,150.8552,71.19,90,97,5.99
302,Xichang,CN,2022-05-15 04:39:01,27.8964,102.2634,54.0,89,100,4.7
303,Saldanha,ZA,2022-05-15 04:36:46,-33.0117,17.9442,48.25,78,0,8.34
304,Sassandra,CI,2022-05-15 04:39:01,4.95,-6.0833,76.42,93,85,3.15
305,Aykhal,RU,2022-05-15 04:39:02,66.0,111.5,40.82,89,100,3.85
306,Bengkulu,ID,2022-05-15 04:39:02,-3.8004,102.2655,85.55,72,17,8.03
307,Salento,CO,2022-05-15 04:39:02,4.6375,-75.5703,61.93,93,99,2.66
308,Marsh Harbour,BS,2022-05-15 04:39:03,26.5412,-77.0636,77.45,85,24,12.93
309,Qinzhou,CN,2022-05-15 04:39:03,21.95,108.6167,66.25,85,100,16.73
310,Komsomolskiy,UZ,2022-05-15 04:36:50,40.4272,71.7189,65.12,72,40,2.3
311,Palora,EC,2022-05-15 04:39:04,-1.7,-77.9333,66.24,99,99,1.07
312,Cortez,US,2022-05-15 04:39:04,37.3489,-108.5859,54.7,30,0,9.22
313,Keuruu,FI,2022-05-15 04:39:04,62.2667,24.7,41.18,83,33,10.42
314,Chapais,CA,2022-05-15 04:39:05,49.7834,-74.8492,56.98,90,100,6.38
315,Galveston,US,2022-05-15 04:39:05,29.3669,-94.9669,79.05,85,0,1.01
316,Bar Harbor,US,2022-05-15 04:34:06,44.3876,-68.2039,57.45,88,100,4.61
317,Camabatela,AO,2022-05-15 04:39:05,-8.1881,15.375,61.12,94,26,2.66
318,Namatanai,PG,2022-05-15 04:39:06,-3.6667,152.4333,84.79,64,54,4.03
319,Linjiang,CN,2022-05-15 04:39:06,41.8069,126.9078,62.51,30,60,12.01
320,Rupert,US,2022-05-15 04:39:06,42.6191,-113.6772,57.15,54,0,8.05
321,Manavalakurichi,IN,2022-05-15 04:39:07,8.1333,77.3,79.99,85,100,18.03
322,Belmonte,BR,2022-05-15 04:40:07,-15.8631,-38.8828,74.46,85,100,10.36
323,Alice Springs,AU,2022-05-15 04:40:07,-23.7,133.8833,76.55,38,2,9.22
324,Mnogovershinnyy,RU,2022-05-15 04:40:08,53.9353,139.9242,30.43,97,100,10.49
325,Tecoanapa,MX,2022-05-15 04:40:08,16.5167,-98.75,82.49,72,100,6.76
326,Tura,IN,2022-05-15 04:40:08,25.5198,90.2201,81.18,84,84,7.0
327,Smithers,CA,2022-05-15 04:40:09,54.7804,-127.1743,48.52,49,100,3.44
328,Bathsheba,BB,2022-05-15 04:40:09,13.2167,-59.5167,81.21,74,20,18.41
329,Ushtobe,KZ,2022-05-15 04:40:09,45.2514,77.9838,64.04,70,100,15.05
330,Kailua,US,2022-05-15 04:40:10,21.4022,-157.7394,82.38,71,20,12.66
331,Santa Isabel,BR,2022-05-15 04:40:10,-23.3156,-46.2214,63.7,98,98,3.47
332,Santa Barbara,US,2022-05-15 04:40:10,34.7333,-120.0343,71.35,64,0,4.61
333,Adrar,MR,2022-05-15 04:40:11,20.5022,-10.0711,81.86,12,88,8.77
334,Cidreira,BR,2022-05-15 04:40:11,-30.1811,-50.2056,62.65,97,100,7.16
335,Iskateley,RU,2022-05-15 04:40:12,67.6803,53.1512,40.08,83,90,13.62
336,Imbituba,BR,2022-05-15 04:40:12,-28.24,-48.6703,67.86,95,98,3.0
337,Cockburn Town,TC,2022-05-15 04:35:35,21.4612,-71.1419,78.98,84,100,23.55
338,Santa Ines,BR,2022-05-15 04:40:12,-3.6667,-45.38,73.53,98,94,2.98
339,Maniitsoq,GL,2022-05-15 04:35:45,65.4167,-52.9,26.74,56,28,7.43
340,Yanam,IN,2022-05-15 04:40:13,16.7333,82.2167,94.6,54,23,7.78
341,Prainha,BR,2022-05-15 04:40:13,-1.8,-53.48,73.53,99,100,2.66
342,Lasa,IT,2022-05-15 04:40:13,46.6166,10.7002,56.28,86,25,1.9
343,Betanzos,ES,2022-05-15 04:40:14,43.2804,-8.2147,65.32,74,40,9.22
344,Normandin,CA,2022-05-15 04:40:14,48.8333,-72.5321,60.93,59,100,10.36
345,Igrim,RU,2022-05-15 04:40:14,63.1906,64.4162,49.05,82,99,11.54
346,Dhidhdhoo,MV,2022-05-15 04:40:15,6.8833,73.1,82.35,79,100,21.18
347,Upernavik,GL,2022-05-15 04:40:15,72.7868,-56.1549,5.09,89,15,4.25
348,Gizo,SB,2022-05-15 04:36:55,-8.103,156.8419,83.26,71,41,1.32
349,Zaozerne,UA,2022-05-15 04:40:15,45.1582,33.2787,60.98,73,9,10.31
350,Longyearbyen,SJ,2022-05-15 04:40:01,78.2186,15.6401,28.24,74,0,0.0
351,Thaba-Tseka,LS,2022-05-15 04:40:16,-29.522,28.6084,38.21,78,0,3.27
352,Bandarbeyla,SO,2022-05-15 04:40:16,9.4942,50.8122,87.94,59,8,19.13
353,Saint Pete Beach,US,2022-05-15 04:40:16,27.7253,-82.7412,77.02,74,0,8.05
354,Maceio,BR,2022-05-15 04:40:17,-9.6658,-35.7353,74.64,88,75,3.44
355,Lastoursville,GA,2022-05-15 04:40:17,-0.8143,12.7287,72.1,99,100,1.14
356,Tuktoyaktuk,CA,2022-05-15 04:40:18,69.4541,-133.0374,24.8,80,100,10.36
357,Eureka,US,2022-05-15 04:38:27,40.8021,-124.1637,59.67,84,95,3.83
358,Leo,BF,2022-05-15 04:40:18,11.1,-2.1,80.55,70,13,6.55
359,Carutapera,BR,2022-05-15 04:40:18,-1.195,-46.02,77.07,92,100,6.78
360,College,US,2022-05-15 04:36:41,64.8569,-147.8028,48.58,66,75,8.05
361,Chateau-Thierry,FR,2022-05-15 04:40:19,49.05,3.4,53.37,82,99,5.53
362,La Ronge,CA,2022-05-15 04:37:24,55.1001,-105.2842,37.65,87,100,11.5
363,Zhigansk,RU,2022-05-15 04:40:19,66.7697,123.3711,33.46,49,17,6.8
364,Saint-Augustin,CA,2022-05-15 04:40:19,51.226,-58.6502,39.9,87,86,7.72
365,Freeport,US,2022-05-15 04:40:20,40.6576,-73.5832,63.95,87,100,9.22
366,Christchurch,NZ,2022-05-15 04:36:55,-43.5333,172.6333,52.0,90,100,5.75
367,Jitauna,BR,2022-05-15 04:40:20,-14.0189,-39.8889,68.76,99,100,1.54
368,Ponta Delgada,PT,2022-05-15 04:40:20,37.7333,-25.6667,61.52,67,75,24.16
369,Axim,GH,2022-05-15 04:40:21,4.8699,-2.2405,78.66,87,96,3.27
370,De Aar,ZA,2022-05-15 04:40:21,-30.6497,24.0123,46.22,70,0,7.27
371,Kabo,CF,2022-05-15 04:40:21,7.6994,18.629,71.67,91,100,3.87
372,Clyde River,CA,2022-05-15 04:41:22,70.4692,-68.5914,14.23,79,0,5.75
373,Teluk Nibung,ID,2022-05-15 04:41:22,3.001,99.8164,89.4,61,100,4.94
374,Corn Island,NI,2022-05-15 04:41:22,12.1694,-83.0418,82.78,79,100,11.45
375,Boyabat,TR,2022-05-15 04:41:23,41.4689,34.7667,64.17,63,2,0.49
376,Dongsheng,CN,2022-05-15 04:41:23,39.8161,109.9776,59.54,12,29,19.1
377,Bosaso,SO,2022-05-15 04:41:23,11.2842,49.1816,87.78,58,0,5.75
378,Puerto Escondido,MX,2022-05-15 04:41:24,15.85,-97.0667,83.23,76,79,7.63
379,Manjeshwar,IN,2022-05-15 04:41:24,12.7194,74.8861,86.95,76,100,6.96
380,Praia Da Vitoria,PT,2022-05-15 04:41:24,38.7333,-27.0667,57.76,82,20,16.78
381,Abaete,BR,2022-05-15 04:41:25,-19.16,-45.4458,67.78,65,35,3.98
382,Gat,IL,2022-05-15 04:41:25,31.61,34.7642,71.4,100,62,8.46
383,North Bend,US,2022-05-15 04:41:26,43.4065,-124.2243,58.24,97,75,4.61
384,Sao Joao Da Barra,BR,2022-05-15 04:36:31,-21.6403,-41.0511,72.18,74,96,8.79
385,Mazatlan,MX,2022-05-15 04:41:14,23.2167,-106.4167,77.92,89,0,0.0
386,Onguday,RU,2022-05-15 04:41:26,50.75,86.15,74.79,22,95,3.65
387,Coahuayana,MX,2022-05-15 04:41:26,18.7333,-103.6833,75.67,79,93,2.44
388,Nehe,CN,2022-05-15 04:41:27,48.4833,124.8333,58.73,17,30,17.52
389,Husavik,IS,2022-05-15 04:41:27,66.0449,-17.3389,38.84,87,100,8.25
390,Puerto Palomas,MX,2022-05-15 04:41:27,31.7667,-107.6167,74.34,5,0,3.18
391,Havoysund,NO,2022-05-15 04:41:28,70.9963,24.6622,41.23,91,100,4.97
392,Luganville,VU,2022-05-15 04:41:28,-15.5333,167.1667,79.84,72,94,7.9
393,Vardo,NO,2022-05-15 04:41:28,70.3705,31.1107,39.18,93,100,2.3
394,Qaqortoq,GL,2022-05-15 04:41:29,60.7167,-46.0333,31.69,77,100,4.05
395,Vangaindrano,MG,2022-05-15 04:41:29,-23.35,47.6,70.79,81,55,1.95
396,Basco,PH,2022-05-15 04:41:29,20.4487,121.9702,83.23,72,60,2.91
397,Luderitz,NA,2022-05-15 04:41:30,-26.6481,15.1594,62.94,39,14,7.54
398,Hamilton,US,2022-05-15 04:38:04,39.1834,-84.5333,64.6,95,0,6.91
399,Bridlington,GB,2022-05-15 04:41:30,54.0831,-0.1919,54.14,91,48,8.66
400,Kirksville,US,2022-05-15 04:37:27,40.1948,-92.5833,70.05,67,0,1.01
401,Noumea,NC,2022-05-15 04:41:30,-22.2763,166.4572,82.0,99,36,10.63
402,Buala,SB,2022-05-15 04:41:31,-8.145,159.5921,82.58,74,92,1.54
403,Nsanje,MW,2022-05-15 04:41:31,-16.92,35.262,66.6,90,2,1.25
404,San Cristobal,VE,2022-05-15 04:41:31,7.7669,-72.225,69.98,93,99,2.21
405,Donegal,IE,2022-05-15 04:41:32,54.65,-8.1167,49.93,91,98,4.16
406,Hasaki,JP,2022-05-15 04:41:32,35.7333,140.8333,66.6,58,100,12.64
407,Chara,RU,2022-05-15 04:41:33,56.9064,118.2631,48.18,51,64,3.36
408,Luxor,EG,2022-05-15 04:41:33,25.6989,32.6421,78.85,41,40,5.75
409,Rey Bouba,CM,2022-05-15 04:41:33,8.6724,14.1786,76.89,68,43,2.19
410,Maarianhamina,AX,2022-05-15 04:41:34,60.0973,19.9348,46.26,61,0,11.5
411,Itacoatiara,BR,2022-05-15 04:41:34,-3.1431,-58.4442,74.62,97,100,1.99
412,Klaksvik,FO,2022-05-15 04:41:34,62.2266,-6.589,47.32,90,82,6.93
413,Prattville,US,2022-05-15 04:41:35,32.464,-86.4597,74.59,78,0,0.0
414,Grand Gaube,MU,2022-05-15 04:41:35,-20.0064,57.6608,78.39,71,2,5.01
415,Bilibino,RU,2022-05-15 04:41:35,68.0546,166.4372,32.31,97,100,6.44
416,Vostok,RU,2022-05-15 04:41:36,46.4856,135.8833,49.19,61,88,14.14
417,Glendive,US,2022-05-15 04:41:36,47.1053,-104.7125,52.18,67,0,6.91
418,Porto Novo,BJ,2022-05-15 04:42:36,6.4965,2.6036,80.42,85,49,4.05
419,Biak,ID,2022-05-15 04:42:37,-0.9131,122.8766,81.68,78,100,3.67
420,Arica,CL,2022-05-15 04:42:37,-18.475,-70.3042,59.23,77,100,6.91
421,Nador,MA,2022-05-15 04:41:51,35.174,-2.9287,66.45,88,0,2.3
422,Altamont,US,2022-05-15 04:42:38,42.2068,-121.7372,57.04,54,0,6.91
423,Rafaela,AR,2022-05-15 04:42:38,-31.2503,-61.4867,53.98,43,44,4.0
424,Chimoio,MZ,2022-05-15 04:42:38,-19.1164,33.4833,57.06,100,0,1.83
425,Vestmannaeyjar,IS,2022-05-15 04:42:39,63.4427,-20.2734,47.84,94,100,21.03
426,Pouebo,NC,2022-05-15 04:42:39,-20.4,164.5667,76.06,73,88,10.85
427,Cheney,US,2022-05-15 04:40:20,47.4874,-117.5758,47.25,94,20,5.75
428,Morant Bay,JM,2022-05-15 04:42:39,17.8815,-76.4093,80.22,86,84,9.57
429,Bulgan,MN,2022-05-15 04:38:02,48.8125,103.5347,66.54,13,12,9.15
430,Etchoropo,MX,2022-05-15 04:42:40,26.7667,-109.6667,79.41,46,78,4.83
431,Kungurtug,RU,2022-05-15 04:42:40,50.5994,97.5228,67.91,13,31,3.91
432,Inuvik,CA,2022-05-15 04:42:41,68.3499,-133.7218,29.16,77,100,10.36
433,Haines Junction,CA,2022-05-15 04:42:41,60.7522,-137.5108,31.95,100,100,2.3
434,Thohoyandou,ZA,2022-05-15 04:42:41,-22.9456,30.485,59.05,69,2,3.56
435,Sirjan,IR,2022-05-15 04:42:42,29.452,55.6814,66.33,21,0,16.26
436,Ouadda,CF,2022-05-15 04:42:42,8.0777,22.4007,69.26,93,100,1.97
437,Port Hedland,AU,2022-05-15 04:42:42,-20.3167,118.5667,84.25,30,75,13.8
438,Mount Gambier,AU,2022-05-15 04:42:43,-37.8333,140.7667,60.71,88,75,19.57
439,Ossora,RU,2022-05-15 04:42:43,59.2353,163.0719,35.49,100,100,8.28
440,Strelka,RU,2022-05-15 04:42:43,58.0728,93.0344,79.0,27,96,2.84
441,Mikhaylovskoye,RU,2022-05-15 04:42:44,51.8239,79.7172,57.96,89,100,13.27
442,Dingle,PH,2022-05-15 04:42:44,10.9995,122.6711,88.66,61,55,6.69
443,Makambako,TZ,2022-05-15 04:42:44,-8.8453,34.823,57.45,86,54,10.07
444,Mogadishu,SO,2022-05-15 04:42:45,2.0371,45.3438,82.27,78,75,12.66
445,Souillac,MU,2022-05-15 04:42:45,-20.5167,57.5167,75.58,83,40,8.05
446,Saint-Raymond,CA,2022-05-15 04:41:52,45.467,-73.6095,71.92,71,75,3.44
447,Broome,US,2022-05-15 04:42:46,42.2506,-75.833,65.01,91,100,5.75
448,Ust-Tsilma,RU,2022-05-15 04:42:46,65.441,52.1498,51.31,80,100,6.6
449,Ulaangom,MN,2022-05-15 04:42:46,49.9811,92.0667,71.53,11,5,7.83
450,Saraland,US,2022-05-15 04:42:47,30.8207,-88.0706,75.22,75,98,3.49
451,Shihezi,CN,2022-05-15 04:42:47,44.3,86.0333,80.01,13,96,12.71
452,Xining,CN,2022-05-15 04:37:50,36.6167,101.7667,51.28,44,84,5.44
453,Arinos,BR,2022-05-15 04:42:47,-15.9169,-46.1056,68.47,62,52,2.53
454,Lakhtar,IN,2022-05-15 04:42:48,22.85,71.7833,96.53,33,0,11.59
455,Riverton,US,2022-05-15 04:40:55,40.5219,-111.9391,66.43,39,0,5.99
456,Mlowo,TZ,2022-05-15 04:42:48,-9.0,32.9833,57.22,87,50,3.13
457,Namibe,AO,2022-05-15 04:42:48,-15.1961,12.1522,70.3,67,0,3.47
458,Tromso,NO,2022-05-15 04:42:49,69.6496,18.957,41.38,87,75,6.91
459,Powell River,CA,2022-05-15 04:40:35,49.8496,-124.5361,53.08,91,98,7.36
460,Jesus De Otoro,HN,2022-05-15 04:43:49,14.4833,-87.9833,67.21,61,5,1.97
461,Tsabong,BW,2022-05-15 04:43:50,-26.0217,22.401,57.2,26,0,9.22
462,Dauphin,CA,2022-05-15 04:43:50,51.1494,-100.0502,46.54,76,100,11.5
463,Ust-Uda,RU,2022-05-15 04:43:50,54.1742,103.0304,75.34,16,24,3.09
464,Salalah,OM,2022-05-15 04:43:51,17.0151,54.0924,84.29,65,1,1.14
465,Meulaboh,ID,2022-05-15 04:43:51,4.1363,96.1285,78.57,92,100,4.0
466,Taos,US,2022-05-15 04:39:20,36.4072,-105.5731,63.0,21,0,5.99
467,Zeya,RU,2022-05-15 04:43:51,53.75,127.2667,53.19,27,91,15.66
468,Pangoa,PE,2022-05-15 04:43:52,-12.1167,-73.0,67.75,97,27,2.06
469,Richards Bay,ZA,2022-05-15 04:43:52,-28.783,32.0377,65.95,92,95,5.84
470,Komnina,GR,2022-05-15 04:43:52,40.6,21.7833,60.26,82,62,4.09
471,Atikokan,CA,2022-05-15 04:43:53,48.7555,-91.6216,44.19,93,39,5.61
472,Povenets,RU,2022-05-15 04:43:53,62.8487,34.8262,40.48,88,99,6.53
473,Camrose,CA,2022-05-15 04:40:44,53.0168,-112.8353,47.93,54,12,3.44
474,Lagoa,PT,2022-05-15 04:43:54,39.05,-27.9833,58.55,65,79,28.01
475,Dwarka,IN,2022-05-15 04:39:24,22.2394,68.9678,86.13,70,0,15.17
476,Lavrentiya,RU,2022-05-15 04:43:54,65.5833,-171.0,33.24,98,100,5.44
477,Suntar,RU,2022-05-15 04:43:54,62.1444,117.6319,42.01,82,100,2.59
478,Keti Bandar,PK,2022-05-15 04:43:55,24.1447,67.4497,88.23,60,0,19.98
479,Montijo,PT,2022-05-15 04:43:55,38.7067,-8.9739,65.59,89,75,10.36
480,Vung Tau,VN,2022-05-15 04:43:56,10.346,107.0843,86.99,71,79,9.06
481,Batagay-Alyta,RU,2022-05-15 04:43:56,67.8006,130.4114,22.3,69,66,4.68
482,Macapsing,PH,2022-05-15 04:43:56,15.6783,121.1319,94.14,49,73,5.7
483,Miandrivazo,MG,2022-05-15 04:43:57,-19.5167,45.4667,76.01,55,17,1.54
484,Kindu,CD,2022-05-15 04:43:57,-2.95,25.95,70.32,94,81,0.87
485,Bubaque,GW,2022-05-15 04:43:57,11.2833,-15.8333,78.17,81,16,8.68
486,Fukue,JP,2022-05-15 04:43:58,32.6881,128.8419,64.76,63,75,11.5
487,Sigli,ID,2022-05-15 04:43:58,5.3848,95.9609,87.64,67,87,6.04
488,Chicama,PE,2022-05-15 04:43:58,-7.8447,-79.1469,61.34,82,51,4.97
489,Dolores,AR,2022-05-15 04:43:59,-36.3132,-57.6792,43.29,69,90,7.02
490,Sibolga,ID,2022-05-15 04:43:59,1.7427,98.7792,87.66,62,64,4.97
491,East London,ZA,2022-05-15 04:41:21,-33.0153,27.9116,54.54,87,0,9.22
492,Nioki,CD,2022-05-15 04:43:59,-2.7167,17.6833,71.6,94,100,0.89
493,Bayir,TR,2022-05-15 04:44:00,37.2687,28.2167,54.12,69,81,5.46
494,Mutis,CO,2022-05-15 04:44:00,6.2262,-77.4044,78.46,89,100,4.14
495,Sibu,MY,2022-05-15 04:44:00,2.3,111.8167,89.91,62,40,2.3
496,La Cruz,MX,2022-05-15 04:44:01,23.9167,-106.9,74.43,74,87,3.15
497,Loveland,US,2022-05-15 04:41:11,40.3978,-105.075,64.99,35,0,7.0
498,Marang,MY,2022-05-15 04:44:01,5.2056,103.2059,85.93,63,46,7.09
499,Malmesbury,ZA,2022-05-15 04:44:04,-33.4608,18.7271,47.77,80,0,4.32
500,Yulin,CN,2022-05-15 04:44:05,22.6333,110.15,67.89,90,100,8.1
501,Nueva Gerona,CU,2022-05-15 04:44:05,21.8833,-82.8,78.42,72,1,1.7
502,Evensk,RU,2022-05-15 04:44:06,61.95,159.2333,38.7,93,89,15.3
503,Banda Aceh,ID,2022-05-15 04:44:06,5.5577,95.3222,87.26,69,54,12.59
504,Borba,BR,2022-05-15 04:45:06,-4.3878,-59.5939,74.23,99,100,1.88
505,Port Hardy,CA,2022-05-15 04:45:07,50.6996,-127.4199,50.0,87,100,12.66
506,Warrington,GB,2022-05-15 04:45:07,53.3925,-2.5802,58.44,83,100,2.3
507,Romitan,UZ,2022-05-15 04:45:07,39.9343,64.3814,76.95,33,0,16.11
508,Aban,RU,2022-05-15 04:45:08,56.67,96.06,78.37,22,92,7.78
509,Marfino,RU,2022-05-15 04:45:08,55.7028,37.3822,53.74,61,0,6.71
510,Sorong,ID,2022-05-15 04:45:08,-0.8833,131.25,82.62,80,82,8.14
511,Monrovia,LR,2022-05-15 04:40:44,6.3005,-10.7969,74.97,87,100,5.95
512,Cabedelo,BR,2022-05-15 04:45:09,-6.9811,-34.8339,77.67,86,43,8.37
513,Florestopolis,BR,2022-05-15 04:45:09,-22.8633,-51.3872,61.11,96,100,4.68
514,Marawi,PH,2022-05-15 04:45:09,7.9986,124.2928,79.0,76,88,1.83
515,Sulangan,PH,2022-05-15 04:45:10,11.1373,123.7228,82.94,75,97,4.23
516,Huilong,CN,2022-05-15 04:45:10,31.8111,121.655,68.07,44,100,4.34
517,Sechelt,CA,2022-05-15 04:43:17,49.4664,-123.7694,52.09,88,100,3.33
518,Shar,KZ,2022-05-15 04:45:10,49.5886,81.0453,64.81,69,100,6.6
519,Auki,SB,2022-05-15 04:45:11,-8.7676,160.7034,81.9,77,76,2.3
520,Faanui,PF,2022-05-15 04:45:11,-16.4833,-151.75,81.46,65,19,6.06
521,Rio Gallegos,AR,2022-05-15 04:45:11,-51.6226,-69.2181,33.85,86,0,8.05
522,Thinadhoo,MV,2022-05-15 04:45:12,0.5333,72.9333,83.37,70,93,9.75
523,Vysokogornyy,RU,2022-05-15 04:45:12,50.1167,139.15,36.9,94,100,16.4
524,Pedasi,PA,2022-05-15 04:45:13,7.5333,-80.0333,79.07,84,99,4.12
525,La Baule-Escoublac,FR,2022-05-15 04:45:13,47.2922,-2.364,62.26,85,0,4.61
526,Kabinda,CD,2022-05-15 04:45:13,-6.1333,24.4833,70.61,63,78,4.5
527,Ozernovskiy,RU,2022-05-15 04:45:14,51.5,156.5167,41.0,81,100,21.72
528,Pindiga,NG,2022-05-15 04:45:14,9.9833,10.9333,78.57,66,91,8.14
529,Muros,ES,2022-05-15 04:45:14,42.7762,-9.0603,65.16,72,94,19.1
530,Kjollefjord,NO,2022-05-15 04:45:15,70.9457,27.3465,41.05,86,100,3.65
531,Tautira,PF,2022-05-15 04:45:15,-17.7333,-149.15,80.28,74,21,9.31
532,Mwene-Ditu,CD,2022-05-15 04:45:15,-7.0,23.45,65.26,70,19,4.0
533,San Matias,BO,2022-05-15 04:45:16,-16.3667,-58.4,79.27,54,84,3.31
534,Torbay,CA,2022-05-15 04:45:16,47.6666,-52.7314,31.75,93,20,5.75
535,Lazurne,UA,2022-05-15 04:45:16,46.084,32.5295,58.91,74,14,9.98
536,Royan,FR,2022-05-15 04:45:17,45.6285,-1.0281,64.81,88,67,8.95
537,Sao Jose Dos Pinhais,BR,2022-05-15 04:45:17,-25.5347,-49.2064,62.37,85,100,5.75
538,Kontagora,NG,2022-05-15 04:45:17,10.3999,5.4695,78.6,70,46,3.56
539,Dalnerechensk,RU,2022-05-15 04:45:18,45.9339,133.7225,60.98,44,93,21.23
540,Nanortalik,GL,2022-05-15 04:45:18,60.1432,-45.2371,31.05,85,100,5.7
541,Homer,US,2022-05-15 04:45:18,59.6425,-151.5483,53.49,40,0,11.5
542,Brainerd,US,2022-05-15 04:45:19,46.358,-94.2008,53.89,54,0,4.61
543,Vila Franca Do Campo,PT,2022-05-15 04:45:19,37.7167,-25.4333,59.41,76,68,18.7
544,Kahului,US,2022-05-15 04:45:20,20.8947,-156.47,80.62,71,40,12.66
545,Juneau,US,2022-05-15 04:43:08,58.3019,-134.4197,48.2,88,100,5.75
546,Kelso,US,2022-05-15 04:45:20,46.1468,-122.9084,62.56,79,0,5.75
547,San Giustino,IT,2022-05-15 04:46:20,43.5495,12.1736,64.06,79,4,0.87
548,Broken Hill,AU,2022-05-15 04:46:21,-31.95,141.4333,71.19,35,0,13.04
549,Novyy Urengoy,RU,2022-05-15 04:46:21,66.0833,76.6333,49.78,87,100,6.64
550,Amargosa,BR,2022-05-15 04:46:21,-13.0303,-39.6047,67.53,97,100,2.93
551,Kruisfontein,ZA,2022-05-15 04:46:11,-34.0033,24.7314,50.27,86,0,5.95
552,Vila,PT,2022-05-15 04:45:10,42.0304,-8.1588,52.68,92,67,6.02
553,Sauda,NO,2022-05-15 04:46:22,59.6506,6.3542,49.68,97,98,2.57
554,Vagur,FO,2022-05-15 04:46:22,61.4732,-6.8119,47.19,90,98,8.63
555,Vrangel,RU,2022-05-15 04:46:22,42.7297,133.0839,50.59,60,5,13.31
556,Corinto,GR,2022-05-15 04:46:23,37.9407,22.9573,65.89,64,35,3.31
557,Les Cayes,HT,2022-05-15 04:46:23,18.2,-73.75,76.82,84,100,4.23
558,Ugoofaaru,MV,2022-05-15 04:46:23,5.6667,73.0,83.23,77,100,19.35
559,Paka,MY,2022-05-15 04:46:24,4.6374,103.4368,80.53,94,40,3.44
560,Tongchuan,CN,2022-05-15 04:46:24,35.0806,109.0897,66.54,32,100,6.38
561,Paracuru,BR,2022-05-15 04:46:25,-3.41,-39.0306,81.1,90,94,9.66
562,Svetlogorsk,BY,2022-05-15 04:46:25,52.6333,29.7333,49.75,82,94,13.35
563,Makat,KZ,2022-05-15 04:46:25,47.6469,53.3463,67.5,53,100,17.22
564,Palizada,MX,2022-05-15 04:46:26,18.25,-92.0833,75.29,85,39,2.1
565,Dakoro,NE,2022-05-15 04:46:26,14.5106,6.765,78.13,16,53,7.74
566,Palpa,PE,2022-05-15 04:46:26,-14.5336,-75.1856,65.5,70,0,3.44
567,Caramay,PH,2022-05-15 04:46:27,10.1815,119.236,83.84,79,92,3.96
568,Takoradi,GH,2022-05-15 04:46:27,4.8845,-1.7554,78.67,86,87,2.55
569,Salamiyah,SY,2022-05-15 04:46:27,35.0113,37.0532,78.46,29,90,26.89
570,Dickson,US,2022-05-15 04:42:59,36.077,-87.3878,69.55,94,75,3.44
571,Upington,ZA,2022-05-15 04:46:28,-28.4478,21.2561,52.03,27,0,7.09
572,Morondava,MG,2022-05-15 04:46:28,-20.2833,44.2833,75.43,55,49,3.74
573,Quatre Cocos,MU,2022-05-15 04:46:29,-20.2078,57.7625,79.09,75,16,13.4
574,Saint Anthony,US,2022-05-15 04:46:29,45.0205,-93.218,61.75,56,0,9.22
575,Uinskoye,RU,2022-05-15 04:46:29,56.8817,56.5813,53.26,78,100,11.63
576,Maraa,BR,2022-05-15 04:46:30,-1.8333,-65.3667,73.78,99,100,2.44
577,Bansang,GM,2022-05-15 04:46:30,13.4333,-14.65,77.68,52,9,5.35
578,Druzhnaya Gorka,RU,2022-05-15 04:46:31,59.2761,30.1425,47.01,85,88,8.77
579,Harper,LR,2022-05-15 04:46:31,4.375,-7.7169,77.68,88,93,4.61
580,Bull Savanna,JM,2022-05-15 04:46:32,17.8868,-77.5902,75.34,86,41,9.89
581,Caravelas,BR,2022-05-15 04:46:32,-17.7125,-39.2481,73.81,74,100,7.78
582,Iquitos,PE,2022-05-15 04:46:32,-3.7481,-73.2472,75.24,100,0,2.3
583,Nemuro,JP,2022-05-15 04:46:33,43.3236,145.575,46.51,82,95,12.26
584,Bajil,YE,2022-05-15 04:46:33,15.0584,43.2851,93.83,30,0,2.62
585,Makakilo City,US,2022-05-15 04:46:33,21.3469,-158.0858,80.92,55,0,13.8
586,Roma,US,2022-05-15 04:46:34,43.2128,-75.4557,68.14,89,100,5.75
587,Price,US,2022-05-15 04:46:34,39.5994,-110.8107,66.11,21,0,8.05
588,Camiri,BO,2022-05-15 04:46:34,-20.05,-63.5167,58.39,98,100,1.5
589,Los Llanos De Aridane,ES,2022-05-15 04:46:35,28.6585,-17.9182,64.15,73,100,3.44
590,Chamrajnagar,IN,2022-05-15 04:46:35,11.9167,76.95,78.39,73,100,3.94
591,Amapa,BR,2022-05-15 04:46:35,1.0,-52.0,72.12,100,99,1.43
592,Tanete,ID,2022-05-15 04:46:36,-3.9443,119.7848,90.05,61,57,7.72
593,Manaure,CO,2022-05-15 04:46:36,11.7751,-72.4445,81.81,75,100,11.16
594,Asau,RO,2022-05-15 04:46:36,46.4333,26.4,62.96,55,58,2.59
595,Ratanpur,IN,2022-05-15 04:45:26,22.3,82.1667,108.07,21,36,10.6
596,Nakamura,JP,2022-05-15 04:47:37,32.9833,132.9333,66.54,70,99,1.1
597,Kudahuvadhoo,MV,2022-05-15 04:47:37,2.6708,72.8944,83.62,75,93,15.66
598,Slave Lake,CA,2022-05-15 04:45:16,55.2834,-114.769,49.98,37,0,5.75
599,Nantucket,US,2022-05-15 04:46:46,41.2835,-70.0995,59.14,94,75,4.61
600,Jining,CN,2022-05-15 04:46:01,35.405,116.5814,81.12,12,50,7.99
601,Krasnoselkup,RU,2022-05-15 04:47:38,65.7,82.4667,65.41,41,46,12.53
